team,player,games,total_pts,avg_pts_per_game
Atlanta,Dejounte Murray,72,1430,19.86
Atlanta,Trae Young,51,1005,19.71
Atlanta,Bogdan Bogdanović,72,1089,15.12
Atlanta,Jalen Johnson,52,731,14.06
Atlanta,De'Andre Hunter,51,646,12.67
Atlanta,Saddiq Bey,63,693,11.0
Atlanta,Clint Capela,67,648,9.67
Atlanta,Onyeka Okongwu,55,469,8.53
Atlanta,Vit Krejci,13,96,7.38
Atlanta,Dylan Windler,3,16,5.33
Atlanta,Bruno Fernando,35,178,5.09
Atlanta,Garrison Mathews,53,234,4.42
Atlanta,Kobe Bufkin,10,34,3.4
Atlanta,Patty Mills,15,51,3.4
Atlanta,Wesley Matthews,31,92,2.97
Atlanta,AJ Griffin,17,35,2.06
Atlanta,Trent Forrest,32,64,2.0
Atlanta,Seth Lundy,9,11,1.22
Atlanta,Mouhamed Gueye,1,0,0.0
Boston,Jayson Tatum,70,1513,21.61
Boston,Jaylen Brown,66,1328,20.12
Boston,Kristaps Porziņģis,53,826,15.58
Boston,Derrick White,69,940,13.62
Boston,Jrue Holiday,64,747,11.67
Boston,Sam Hauser,72,619,8.6
Boston,Al Horford,61,500,8.2
Boston,Payton Pritchard,75,601,8.01
Boston,Luke Kornet,49,244,4.98
Boston,Neemias Queta,22,102,4.64
Boston,Svi Mykhailiuk,27,100,3.7
Boston,Oshae Brissett,36,133,3.69
Boston,Lamar Stevens,14,45,3.21
Boston,Drew Peterson,1,3,3.0
Boston,Dalano Banton,20,40,2.0
Boston,JD Davison,3,6,2.0
Boston,Jaden Springer,7,12,1.71
Boston,Jordan Walsh,5,6,1.2
Boston,Xavier Tillman,13,0,0.0
Brooklyn,Cam Thomas,60,1069,17.82
Brooklyn,Mikal Bridges,76,1287,16.93
Brooklyn,Dennis Schröder,25,324,12.96
Brooklyn,Cameron Johnson,56,676,12.07
Brooklyn,Nic Claxton,66,689,10.44
Brooklyn,Spencer Dinwiddie,48,479,9.98
Brooklyn,Dorian Finney-Smith,66,536,8.12
Brooklyn,Royce O'Neale,49,349,7.12
Brooklyn,Ben Simmons,14,86,6.14
Brooklyn,Trendon Watford,53,305,5.75
Brooklyn,Day'Ron Sharpe,58,330,5.69
Brooklyn,Armoni Brooks,8,41,5.12
Brooklyn,Keon Johnson,4,18,4.5
Brooklyn,Jalen Wilson,34,137,4.03
Brooklyn,Harry Giles,12,47,3.92
Brooklyn,Noah Clowney,12,44,3.67
Brooklyn,Keita Bates-Diop,8,17,2.12
Brooklyn,Dariq Whitehead,1,2,2.0
Brooklyn,Dennis Smith,56,0,0.0
Brooklyn,Lonnie Walker,54,0,0.0
Brooklyn,Jacob Gilyard,1,0,0.0
Charlotte,LaMelo Ball,22,436,19.82
Charlotte,Terry Rozier,30,587,19.57
Charlotte,Miles Bridges,64,1204,18.81
Charlotte,Brandon Miller,68,1035,15.22
Charlotte,P.J. Washington,43,533,12.4
Charlotte,Gordon Hayward,25,300,12.0
Charlotte,Grant Williams,24,278,11.58
Charlotte,Mark Williams,19,196,10.32
Charlotte,Tre Mann,21,212,10.1
Charlotte,Vasilije Micić,24,237,9.88
Charlotte,Dāvis Bertāns,22,174,7.91
Charlotte,Nick Richards,64,498,7.78
Charlotte,Seth Curry,8,61,7.62
Charlotte,Cody Martin,28,191,6.82
Charlotte,Aleksej Pokusevski,11,57,5.18
Charlotte,Bryce McGowens,46,208,4.52
Charlotte,Théo Maledon,11,43,3.91
Charlotte,James Bouknight,13,49,3.77
Charlotte,Ish Smith,39,136,3.49
Charlotte,JT Thor,45,141,3.13
Charlotte,Leaky Black,16,41,2.56
Charlotte,Marques Bolden,2,4,2.0
Charlotte,Nathan Mensah,16,24,1.5
Charlotte,Amari Bailey,6,6,1.0
Charlotte,Frank Ntilikina,5,3,0.6
Charlotte,Nick Smith,45,0,0.0
Chicago,DeMar DeRozan,74,1252,16.92
Chicago,Nikola Vučević,71,1168,16.45
Chicago,Coby White,73,1200,16.44
Chicago,Zach LaVine,25,399,15.96
Chicago,Ayo Dosunmu,74,805,10.88
Chicago,Alex Caruso,67,606,9.04
Chicago,Patrick Williams,43,377,8.77
Chicago,Andre Drummond,75,510,6.8
Chicago,Torrey Craig,47,256,5.45
Chicago,Jevon Carter,63,325,5.16
Chicago,Javonte Green,3,15,5.0
Chicago,Adama Sanogo,2,8,4.0
Chicago,Onuralp Bitim,18,67,3.72
Chicago,Dalen Terry,42,116,2.76
Chicago,Julian Phillips,28,76,2.71
Chicago,Terry Taylor,20,42,2.1
Chicago,Henri Drell,1,2,2.0
Chicago,Andrew Funk,1,0,0.0
Cleveland,Donovan Mitchell,51,1109,21.75
Cleveland,Darius Garland,52,789,15.17
Cleveland,Evan Mobley,44,592,13.45
Cleveland,Jarrett Allen,71,942,13.27
Cleveland,Caris LeVert,63,729,11.57
Cleveland,Max Strus,64,718,11.22
Cleveland,Georges Niang,76,675,8.88
Cleveland,Sam Merrill,55,459,8.35
Cleveland,Isaac Okoro,65,528,8.12
Cleveland,Marcus Morris,8,53,6.62
Cleveland,Dean Wade,52,271,5.21
Cleveland,Damian Jones,22,84,3.82
Cleveland,Tristan Thompson,37,140,3.78
Cleveland,Emoni Bates,9,33,3.67
Cleveland,Isaiah Mobley,5,12,2.4
Cleveland,Ty Jerome,2,4,2.0
Cleveland,Craig Porter,40,0,0.0
Cleveland,Pete Nance,1,0,0.0
Dallas,Luka Dončić,66,1786,27.06
Dallas,Kyrie Irving,53,1182,22.3
Dallas,Daniel Gafford,22,226,10.27
Dallas,P.J. Washington,23,228,9.91
Dallas,Josh Green,54,421,7.8
Dallas,Dante Exum,47,347,7.38
Dallas,Grant Williams,47,341,7.26
Dallas,Jaden Hardy,65,433,6.66
Dallas,Dexter Dennis,4,21,5.25
Dallas,Seth Curry,30,137,4.57
Dallas,A.J. Lawson,29,107,3.69
Dallas,Maxi Kleber,36,132,3.67
Dallas,Dwight Powell,39,137,3.51
Dallas,Richaun Holmes,19,66,3.47
Dallas,Markieff Morris,20,53,2.65
Dallas,Olivier-Maxence Prosper,27,60,2.22
Dallas,Brandon Williams,10,18,1.8
Dallas,Derrick Jones,69,0,0.0
Dallas,Dereck Lively,55,0,0.0
Dallas,Tim Hardaway,72,0,0.0
Dallas,Greg Brown,4,0,0.0
Denver,Nikola Jokić,73,1589,21.77
Denver,Jamal Murray,54,983,18.2
Denver,Aaron Gordon,69,801,11.61
Denver,Reggie Jackson,76,702,9.24
Denver,Kentavious Caldwell-Pope,70,594,8.49
Denver,Christian Braun,76,452,5.95
Denver,Peyton Watson,74,426,5.76
Denver,Julian Strawther,40,202,5.05
Denver,Justin Holiday,44,203,4.61
Denver,Collin Gillespie,19,79,4.16
Denver,DeAndre Jordan,30,116,3.87
Denver,Zeke Nnaji,48,127,2.65
Denver,Hunter Tyson,9,18,2.0
Denver,Jalen Pickett,19,36,1.89
Denver,Jay Huff,10,17,1.7
Denver,Braxton Key,11,16,1.45
Denver,Michael Porter,75,0,0.0
Detroit,Cade Cunningham,62,1167,18.82
Detroit,Bojan Bogdanović,28,484,17.29
Detroit,Simone Fontecchio,16,225,14.06
Detroit,Jaden Ivey,70,855,12.21
Detroit,Jalen Duren,56,652,11.64
Detroit,Alec Burks,43,419,9.74
Detroit,Isaiah Stewart,46,439,9.54
Detroit,Ausar Thompson,63,485,7.7
Detroit,Kevin Knox,29,203,7.0
Detroit,Marcus Sasser,63,436,6.92
Detroit,Chimezie Metu,7,48,6.86
Detroit,Shake Milton,4,25,6.25
Detroit,Malachi Flynn,14,87,6.21
Detroit,James Wiseman,54,332,6.15
Detroit,Evan Fournier,23,141,6.13
Detroit,Killian Hayes,42,256,6.1
Detroit,Tosan Evbuomwan,10,61,6.1
Detroit,Danilo Gallinari,6,31,5.17
Detroit,Stanley Umude,20,98,4.9
Detroit,Isaiah Livers,23,102,4.43
Detroit,Monte Morris,6,26,4.33
Detroit,Buddy Boeheim,5,20,4.0
Detroit,Jared Rhoden,8,30,3.75
Detroit,Quentin Grimes,6,22,3.67
Detroit,Mike Muscala,12,43,3.58
Detroit,Taj Gibson,1,3,3.0
Detroit,Joe Harris,13,38,2.92
Detroit,Marvin Bagley,26,0,0.0
Detroit,Troy Brown,14,0,0.0
Golden State,Stephen Curry,69,1542,22.35
Golden State,Klay Thompson,71,1113,15.68
Golden State,Jonathan Kuminga,70,926,13.23
Golden State,Andrew Wiggins,66,736,11.15
Golden State,Brandin Podziemski,66,567,8.59
Golden State,Chris Paul,51,429,8.41
Golden State,Draymond Green,49,390,7.96
Golden State,Moses Moody,58,417,7.19
Golden State,Trayce Jackson-Davis,56,400,7.14
Golden State,Dario Šarić,60,427,7.12
Golden State,Lester Quinones,26,120,4.62
Golden State,Kevon Looney,65,256,3.94
Golden State,Gui Santos,18,53,2.94
Golden State,Cory Joseph,23,59,2.57
Golden State,Jerome Robinson,10,20,2.0
Golden State,Pat Spencer,1,2,2.0
Golden State,Gary Payton,39,0,0.0
Golden State,Usman Garuba,1,0,0.0
Houston,Alperen Sengun,63,1087,17.25
Houston,Jalen Green,75,1233,16.44
Houston,Fred VanVleet,68,974,14.32
Houston,Cam Whitmore,39,426,10.92
Houston,Dillon Brooks,66,717,10.86
Houston,Tari Eason,22,194,8.82
Houston,Amen Thompson,56,426,7.61
Houston,Aaron Holiday,70,418,5.97
Houston,Jeff Green,70,341,4.87
Houston,Jae'Sean Tate,60,239,3.98
Houston,Jock Landale,42,161,3.83
Houston,Nate Hinton,8,27,3.38
Houston,Jeenathan Williams,13,37,2.85
Houston,Reggie Bullock,33,84,2.55
Houston,Jermaine Samuels,7,16,2.29
Houston,Boban Marjanović,11,22,2.0
Houston,Jabari Smith,69,0,0.0
Indiana,Pascal Siakam,35,640,18.29
Indiana,Tyrese Haliburton,63,1105,17.54
Indiana,Myles Turner,72,983,13.65
Indiana,Buddy Hield,52,595,11.44
Indiana,Bennedict Mathurin,59,672,11.39
Indiana,Aaron Nesmith,66,712,10.79
Indiana,Bruce Brown,33,331,10.03
Indiana,Obi Toppin,76,691,9.09
Indiana,T.J. McConnell,65,584,8.98
Indiana,Jalen Smith,55,488,8.87
Indiana,Andrew Nembhard,61,538,8.82
Indiana,Isaiah Jackson,52,298,5.73
Indiana,Jordan Nwora,15,85,5.67
Indiana,Ben Sheppard,43,194,4.51
Indiana,Jarace Walker,24,104,4.33
Indiana,Doug McDermott,12,50,4.17
Indiana,Oscar Tshiebwe,8,20,2.5
Indiana,Daniel Theis,1,2,2.0
Indiana,Kendall Brown,6,12,2.0
Indiana,Isaiah Wong,1,2,2.0
Indiana,James Johnson,5,6,1.2
LA Clippers,Kawhi Leonard,68,1360,20.0
LA Clippers,Paul George,69,1325,19.2
LA Clippers,James Harden,68,848,12.47
LA Clippers,Norman Powell,71,861,12.13
LA Clippers,Ivica Zubac,63,616,9.78
LA Clippers,Russell Westbrook,63,593,9.41
LA Clippers,Terance Mann,68,500,7.35
LA Clippers,Bones Hyland,30,173,5.77
LA Clippers,Amir Coffey,58,333,5.74
LA Clippers,Daniel Theis,54,297,5.5
LA Clippers,KJ Martin,2,9,4.5
LA Clippers,Mason Plumlee,37,150,4.05
LA Clippers,Nicolas Batum,2,8,4.0
LA Clippers,Robert Covington,3,8,2.67
LA Clippers,Moussa Diabaté,8,20,2.5
LA Clippers,Jordan Miller,5,11,2.2
LA Clippers,P.J. Tucker,14,30,2.14
LA Clippers,Kobe Brown,30,64,2.13
LA Clippers,Xavier Moon,7,10,1.43
LA Clippers,Joshua Primo,2,2,1.0
LA Clippers,Brandon Boston,24,0,0.0
LA Lakers,LeBron James,66,1400,21.21
LA Lakers,Anthony Davis,71,1367,19.25
LA Lakers,D'Angelo Russell,70,1124,16.06
LA Lakers,Austin Reaves,76,983,12.93
LA Lakers,Rui Hachimura,62,733,11.82
LA Lakers,Taurean Prince,72,602,8.36
LA Lakers,Christian Wood,48,281,5.85
LA Lakers,Cam Reddish,42,214,5.1
LA Lakers,Spencer Dinwiddie,22,112,5.09
LA Lakers,Gabe Vincent,6,28,4.67
LA Lakers,Jarred Vanderbilt,27,126,4.67
LA Lakers,Max Christie,54,246,4.56
LA Lakers,Jaxson Hayes,52,218,4.19
LA Lakers,Dylan Windler,3,12,4.0
LA Lakers,Skylar Mays,7,22,3.14
LA Lakers,D'Moi Hodge,6,13,2.17
LA Lakers,Colin Castleton,8,14,1.75
LA Lakers,Jalen Hood-Schifino,18,22,1.22
LA Lakers,Maxwell Lewis,12,9,0.75
LA Lakers,Alex Fudge,4,2,0.5
LA Lakers,Harry Giles,4,2,0.5
Memphis,Desmond Bane,42,857,20.4
Memphis,Ja Morant,9,174,19.33
Memphis,Marcus Smart,20,246,12.3
Memphis,Brandon Clarke,3,33,11.0
Memphis,Luke Kennard,38,386,10.16
Memphis,Santi Aldama,60,600,10.0
Memphis,Lamar Stevens,16,152,9.5
Memphis,David Roddy,47,357,7.6
Memphis,Jordan Goodwin,11,82,7.45
Memphis,Ziaire Williams,49,358,7.31
Memphis,Jake LaRavia,29,204,7.03
Memphis,Derrick Rose,24,167,6.96
Memphis,Trey Jemison,15,98,6.53
Memphis,Jaylen Nowell,8,48,6.0
Memphis,Jacob Gilyard,33,171,5.18
Memphis,Bismack Biyombo,28,134,4.79
Memphis,DeJon Jarreau,9,38,4.22
Memphis,John Konchar,51,214,4.2
Memphis,Matthew Hurt,7,29,4.14
Memphis,Wenyen Gabriel,5,17,3.4
Memphis,Mãozinha Pereira,5,15,3.0
Memphis,Yuta Watanabe,5,13,2.6
Memphis,Tosan Evbuomwan,4,10,2.5
Memphis,Shaquille Harrison,1,2,2.0
Memphis,Jaren Jackson,65,0,0.0
Memphis,Xavier Tillman,33,0,0.0
Memphis,Kenneth Lofton,13,0,0.0
Memphis,Vince Williams,51,0,0.0
Memphis,GG Jackson,40,0,0.0
Memphis,Scotty Pippen,14,0,0.0
Memphis,Zavier Simpson,1,0,0.0
Miami,Tyler Herro,36,683,18.97
Miami,Bam Adebayo,64,982,15.34
Miami,Terry Rozier,28,411,14.68
Miami,Jimmy Butler,53,757,14.28
Miami,Duncan Robinson,65,785,12.08
Miami,Caleb Martin,56,505,9.02
Miami,Josh Richardson,43,374,8.7
Miami,Kevin Love,48,350,7.29
Miami,Kyle Lowry,37,268,7.24
Miami,Nikola Jović,37,236,6.38
Miami,Haywood Highsmith,54,337,6.24
Miami,Patty Mills,11,60,5.45
Miami,Dru Smith,7,37,5.29
Miami,Thomas Bryant,31,160,5.16
Miami,Jamal Cain,16,79,4.94
Miami,Orlando Robinson,18,80,4.44
Miami,Delon Wright,11,40,3.64
Miami,Cole Swider,13,40,3.08
Miami,R.J. Hampton,6,9,1.5
Miami,Alondes Williams,3,2,0.67
Miami,Jaime Jaquez,68,0,0.0
Milwaukee,Giannis Antetokounmpo,70,1654,23.63
Milwaukee,Damian Lillard,68,1230,18.09
Milwaukee,Khris Middleton,50,663,13.26
Milwaukee,Bobby Portis,75,908,12.11
Milwaukee,Malik Beasley,72,809,11.24
Milwaukee,Brook Lopez,72,784,10.89
Milwaukee,Jae Crowder,43,258,6.0
Milwaukee,Cameron Payne,46,254,5.52
Milwaukee,Pat Connaughton,67,356,5.31
Milwaukee,A.J. Green,45,212,4.71
Milwaukee,MarJon Beauchamp,38,178,4.68
Milwaukee,Patrick Beverley,22,97,4.41
Milwaukee,Thanasis Antetokounmpo,13,26,2.0
Milwaukee,Lindell Wigginton,2,4,2.0
Milwaukee,Danilo Gallinari,13,25,1.92
Milwaukee,Robin Lopez,9,16,1.78
Milwaukee,Chris Livingston,11,17,1.55
Milwaukee,Andre Jackson,34,0,0.0
Milwaukee,TyTy Washington,5,0,0.0
Minnesota,Anthony Edwards,72,1492,20.72
Minnesota,Karl-Anthony Towns,60,1078,17.97
Minnesota,Naz Reid,74,885,11.96
Minnesota,Rudy Gobert,69,728,10.55
Minnesota,Mike Conley,70,699,9.99
Minnesota,Jaden McDaniels,65,646,9.94
Minnesota,Nickeil Alexander-Walker,75,526,7.01
Minnesota,Kyle Anderson,72,386,5.36
Minnesota,Monte Morris,20,90,4.5
Minnesota,Jordan McLaughlin,38,159,4.18
Minnesota,Shake Milton,35,142,4.06
Minnesota,T.J. Warren,7,28,4.0
Minnesota,Luka Garza,15,59,3.93
Minnesota,Daishen Nix,8,21,2.62
Minnesota,Leonard Miller,6,15,2.5
Minnesota,Josh Minott,16,26,1.62
Minnesota,Troy Brown,31,0,0.0
Minnesota,Wendell Moore,8,0,0.0
New Orleans,Zion Williamson,64,1147,17.92
New Orleans,CJ McCollum,59,1015,17.2
New Orleans,Brandon Ingram,63,1073,17.03
New Orleans,Jonas Valančiūnas,75,781,10.41
New Orleans,Herbert Jones,68,647,9.51
New Orleans,Jordan Hawkins,63,451,7.16
New Orleans,Jose Alvarado,50,318,6.36
New Orleans,Matt Ryan,22,139,6.32
New Orleans,Naji Marshall,62,386,6.23
New Orleans,Dyson Daniels,52,267,5.13
New Orleans,Izaiah Brockington,1,4,4.0
New Orleans,Jeremiah Robinson-Earl,28,96,3.43
New Orleans,Dereon Seabron,4,9,2.25
New Orleans,Cody Zeller,26,51,1.96
New Orleans,E.J. Liddell,4,2,0.5
New Orleans,Kira Lewis,15,0,0.0
New Orleans,Larry Nance,53,0,0.0
New Orleans,Kaiser Gates,1,0,0.0
New Orleans,Trey Murphy,50,0,0.0
New Orleans,Jalen Crutcher,1,0,0.0
New York,Jalen Brunson,70,1583,22.61
New York,Julius Randle,46,866,18.83
New York,RJ Barrett,26,371,14.27
New York,Donte DiVincenzo,74,1049,14.18
New York,OG Anunoby,17,214,12.59
New York,Immanuel Quickley,30,368,12.27
New York,Bojan Bogdanović,22,199,9.05
New York,Miles McBride,57,468,8.21
New York,Josh Hart,74,583,7.88
New York,Precious Achiuwa,42,316,7.52
New York,Quentin Grimes,45,303,6.73
New York,Isaiah Hartenstein,68,417,6.13
New York,Alec Burks,20,122,6.1
New York,Jacob Toppin,2,11,5.5
New York,Mitchell Robinson,24,128,5.33
New York,Evan Fournier,3,10,3.33
New York,Jericho Sims,24,76,3.17
New York,Shake Milton,3,9,3.0
New York,Malachi Flynn,10,22,2.2
New York,Dylan Windler,2,3,1.5
New York,DaQuan Jeffries,11,14,1.27
New York,Taj Gibson,11,14,1.27
New York,Ryan Arcidiacono,6,0,0.0
New York,Charlie Brown,5,0,0.0
New York,Dmytro Skapintsev,1,0,0.0
New York,Mamadi Diakite,1,0,0.0
Oklahoma,Shai Gilgeous-Alexander,71,1618,22.79
Oklahoma,Jalen Williams,67,1130,16.87
Oklahoma,Chet Holmgren,75,1055,14.07
Oklahoma,Josh Giddey,74,818,11.05
Oklahoma,Luguentz Dort,73,668,9.15
Oklahoma,Isaiah Joe,70,543,7.76
Oklahoma,Tre Mann,7,48,6.86
Oklahoma,Cason Wallace,75,491,6.55
Oklahoma,Aaron Wiggins,68,408,6.0
Oklahoma,Kenrich Williams,61,271,4.44
Oklahoma,Gordon Hayward,21,79,3.76
Oklahoma,Ousmane Dieng,30,106,3.53
Oklahoma,Olivier Sarr,7,24,3.43
Oklahoma,Jaylin Williams,60,204,3.4
Oklahoma,Vasilije Micić,29,85,2.93
Oklahoma,Dāvis Bertāns,12,30,2.5
Oklahoma,Keyontae Johnson,7,11,1.57
Oklahoma,Mike Muscala,7,9,1.29
Oklahoma,Aleksej Pokusevski,10,10,1.0
Oklahoma,Bismack Biyombo,2,2,1.0
Oklahoma,Lindy Waters,22,0,0.0
Oklahoma,Adam Flagler,1,0,0.0
Orlando,Paolo Banchero,73,1276,17.48
Orlando,Franz Wagner,67,1061,15.84
Orlando,Jalen Suggs,68,744,10.94
Orlando,Cole Anthony,74,706,9.54
Orlando,Moritz Wagner,73,636,8.71
Orlando,Markelle Fultz,36,251,6.97
Orlando,Gary Harris,48,314,6.54
Orlando,Jonathan Isaac,51,304,5.96
Orlando,Goga Bitadze,45,250,5.56
Orlando,Caleb Houstan,46,229,4.98
Orlando,Anthony Black,58,257,4.43
Orlando,Joe Ingles,58,240,4.14
Orlando,Kevon Harris,1,4,4.0
Orlando,Chuma Okeke,35,101,2.89
Orlando,Trevelin Queen,12,31,2.58
Orlando,Admiral Schofield,13,23,1.77
Orlando,Jett Howard,13,21,1.62
Orlando,Wendell Carter,48,0,0.0
Philadelphia,Joel Embiid,35,857,24.49
Philadelphia,Tyrese Maxey,65,1357,20.88
Philadelphia,Tobias Harris,67,975,14.55
Philadelphia,Buddy Hield,26,312,12.0
Philadelphia,D.J. Wilson,1,10,10.0
Philadelphia,De'Anthony Melton,36,347,9.64
Philadelphia,Cameron Payne,25,236,9.44
Philadelphia,Kyle Lowry,19,135,7.11
Philadelphia,Paul Reed,76,492,6.47
Philadelphia,Marcus Morris,34,216,6.35
Philadelphia,Nicolas Batum,49,272,5.55
Philadelphia,Patrick Beverley,47,243,5.17
Philadelphia,Jeff Dowtin,6,29,4.83
Philadelphia,Mo Bamba,46,212,4.61
Philadelphia,Terquavion Smith,10,44,4.4
Philadelphia,Robert Covington,23,97,4.22
Philadelphia,KJ Martin,44,171,3.89
Philadelphia,Jaden Springer,27,100,3.7
Philadelphia,Furkan Korkmaz,28,74,2.64
Philadelphia,P.J. Tucker,3,6,2.0
Philadelphia,Kelly Oubre,62,0,0.0
Philadelphia,Danny Green,2,0,0.0
Philadelphia,Danuel House,30,0,0.0
Philadelphia,Kenneth Lofton,2,0,0.0
Philadelphia,Ricky Council,23,0,0.0
Philadelphia,Darius Bazley,1,0,0.0
Phoenix,Kevin Durant,68,1525,22.43
Phoenix,Devin Booker,61,1316,21.57
Phoenix,Bradley Beal,46,713,15.5
Phoenix,Grayson Allen,69,811,11.75
Phoenix,Eric Gordon,62,665,10.73
Phoenix,Jusuf Nurkić,70,634,9.06
Phoenix,Royce O'Neale,23,183,7.96
Phoenix,Bol Bol,30,185,6.17
Phoenix,Jordan Goodwin,36,173,4.81
Phoenix,Chimezie Metu,31,147,4.74
Phoenix,Drew Eubanks,64,293,4.58
Phoenix,Udoka Azubuike,8,32,4.0
Phoenix,Nassir Little,33,129,3.91
Phoenix,Keita Bates-Diop,38,148,3.89
Phoenix,Josh Okogie,52,196,3.77
Phoenix,Yuta Watanabe,25,94,3.76
Phoenix,Thaddeus Young,6,18,3.0
Phoenix,Ish Wainright,1,3,3.0
Phoenix,Isaiah Thomas,2,5,2.5
Phoenix,Saben Lee,17,38,2.24
Phoenix,David Roddy,11,21,1.91
Phoenix,Théo Maledon,3,2,0.67
Portland,Anfernee Simons,46,876,19.04
Portland,Jerami Grant,54,877,16.24
Portland,Deandre Ayton,49,723,14.76
Portland,Dalano Banton,24,327,13.62
Portland,Malcolm Brogdon,39,518,13.28
Portland,Shaedon Sharpe,32,412,12.88
Portland,Scoot Henderson,56,594,10.61
Portland,Duop Reath,61,500,8.2
Portland,Jabari Walker,66,459,6.95
Portland,Toumani Camara,69,452,6.55
Portland,Skylar Mays,19,120,6.32
Portland,Kris Murray,47,273,5.81
Portland,Robert Williams,6,34,5.67
Portland,Matisse Thybulle,65,332,5.11
Portland,Ashton Hagans,15,61,4.07
Portland,Rayan Rupert,31,101,3.26
Portland,Moses Brown,16,52,3.25
Portland,Ish Wainright,6,18,3.0
Portland,Ibou Badji,10,26,2.6
Portland,Jamaree Bouyea,4,10,2.5
Portland,Taze Moore,3,6,2.0
Portland,Justin Minaya,19,30,1.58
Sacramento,De'Aaron Fox,67,1469,21.93
Sacramento,Domantas Sabonis,75,1207,16.09
Sacramento,Keegan Murray,70,961,13.73
Sacramento,Malik Monk,72,940,13.06
Sacramento,Harrison Barnes,75,792,10.56
Sacramento,Kevin Huerter,62,619,9.98
Sacramento,Trey Lyles,50,329,6.58
Sacramento,Sasha Vezenkov,36,191,5.31
Sacramento,Keon Ellis,42,208,4.95
Sacramento,Davion Mitchell,61,291,4.77
Sacramento,Chris Duarte,52,201,3.87
Sacramento,JaVale McGee,39,151,3.87
Sacramento,Alex Len,31,94,3.03
Sacramento,Jalen Slawson,2,6,3.0
Sacramento,Kessler Edwards,29,80,2.76
Sacramento,Colby Jones,17,43,2.53
Sacramento,Jordan Ford,4,10,2.5
Sacramento,Filip Petrušev,1,2,2.0
Sacramento,Mason Jones,3,6,2.0
Sacramento,Juan Toscano-Anderson,6,7,1.17
San Antonio,Devin Vassell,68,1162,17.09
San Antonio,Victor Wembanyama,67,1143,17.06
San Antonio,Keldon Johnson,67,904,13.49
San Antonio,Jeremy Sochan,74,750,10.14
San Antonio,Zach Collins,63,586,9.3
San Antonio,Tre Jones,71,595,8.38
San Antonio,Malaki Branham,70,583,8.33
San Antonio,Cedi Osman,72,454,6.31
San Antonio,Doug McDermott,45,266,5.91
San Antonio,Julian Champagnie,67,365,5.45
San Antonio,Charles Bassey,14,58,4.14
San Antonio,Mamadi Diakite,2,8,4.0
San Antonio,Dominick Barlow,29,115,3.97
San Antonio,Blake Wesley,49,178,3.63
San Antonio,Sandro Mamukelashvili,30,103,3.43
San Antonio,Devonte' Graham,17,50,2.94
San Antonio,Sidy Cissoko,3,2,0.67
Toronto,RJ Barrett,28,509,18.18
Toronto,Pascal Siakam,39,696,17.85
Toronto,Scottie Barnes,60,995,16.58
Toronto,Immanuel Quickley,33,496,15.03
Toronto,OG Anunoby,27,375,13.89
Toronto,Dennis Schröder,51,571,11.2
Toronto,Kelly Olynyk,23,231,10.04
Toronto,Jakob Poeltl,50,496,9.92
Toronto,Bruce Brown,30,238,7.93
Toronto,Gradey Dick,52,387,7.44
Toronto,Jordan Nwora,27,188,6.96
Toronto,Precious Achiuwa,25,169,6.76
Toronto,Ochai Agbaji,21,130,6.19
Toronto,Jahmi'us Ramsey,7,42,6.0
Toronto,Thaddeus Young,20,109,5.45
Toronto,Chris Boucher,48,251,5.23
Toronto,Javon Freeman-Liberty,13,68,5.23
Toronto,Kobi Simmons,4,20,5.0
Toronto,Malachi Flynn,30,140,4.67
Toronto,Jontay Porter,23,100,4.35
Toronto,Jalen McDaniels,40,117,2.92
Toronto,Garrett Temple,19,48,2.53
Toronto,Mouhamadou Gueye,8,18,2.25
Toronto,D.J. Carton,4,7,1.75
Toronto,Gary Trent,66,0,0.0
Toronto,Otto Porter,13,0,0.0
Toronto,Markquis Nowell,1,0,0.0
Utah,Lauri Markkanen,55,1029,18.71
Utah,Collin Sexton,76,1122,14.76
Utah,Jordan Clarkson,55,765,13.91
Utah,John Collins,68,880,12.94
Utah,Keyonte George,69,702,10.17
Utah,Simone Fontecchio,50,413,8.26
Utah,Talen Horton-Tucker,47,370,7.87
Utah,Walker Kessler,63,462,7.33
Utah,Taylor Hendricks,33,226,6.85
Utah,Kelly Olynyk,50,326,6.52
Utah,Brice Sensabaugh,24,154,6.42
Utah,Kris Dunn,62,329,5.31
Utah,Johnny Juzang,14,72,5.14
Utah,Ochai Agbaji,51,259,5.08
Utah,Omer Yurtseven,32,143,4.47
Utah,Luka Šamanić,25,87,3.48
Utah,Micah Potter,9,31,3.44
Utah,Jason Preston,2,4,2.0
Utah,Kira Lewis,7,0,0.0
Washington,Kyle Kuzma,69,1351,19.58
Washington,Jordan Poole,74,1073,14.5
Washington,Deni Avdija,69,820,11.88
Washington,Corey Kispert,74,860,11.62
Washington,Tyus Jones,66,758,11.48
Washington,Daniel Gafford,45,406,9.02
Washington,Bilal Coulibaly,63,440,6.98
Washington,Landry Shamet,44,289,6.57
Washington,Richaun Holmes,17,99,5.82
Washington,Jared Butler,31,167,5.39
Washington,Danilo Gallinari,25,134,5.36
Washington,Justin Champagnie,9,47,5.22
Washington,Tristan Vukcevic,4,20,5.0
Washington,Anthony Gill,30,120,4.0
Washington,Eugene Omoruyi,34,126,3.71
Washington,Jules Bernard,14,51,3.64
Washington,Delon Wright,31,110,3.55
Washington,Mike Muscala,23,80,3.48
Washington,Ryan Rollins,9,28,3.11
Washington,Johnny Davis,37,104,2.81
Washington,Hamidou Diallo,1,2,2.0
Washington,Patrick Baldwin,28,0,0.0
Washington,Marvin Bagley,24,0,0.0
